ID,school,school_name,city,address,lat,lon,ndvi_mean,nlcd_canopy_mean,greenery_index_ndvi_nlcd,nlcd_high_canopy_frac,percent_eligible_frpm_k12
43693696046122,Ben Painter Elementary,Ben Painter Elementary,San Jose,500 Rough and Ready Road,37.37495,-121.84331,0.1373771006467211,0.0,0.2576856439142485,0.0,0.519
43693696046213,Linda Vista Elementary,Linda Vista Elementary,San Jose,100 Kirk Avenue,37.376934,-121.82372,0.2545446748545895,4.095640293131288,0.4493370489705503,0.2899018755434107,0.682
43693696046221,Lyndale Elementary,Lyndale Elementary,San Jose,13901 Nordyke Drive,37.359746,-121.82492,0.2120971900683174,0.4346206382714516,0.34207935066426365,0.0181298894821805,0.8290000000000001
43693696046247,Aptitud Community Academy at Goss,Aptitud Community Academy at Goss,San Jose,2475 Van Winkle Lane,37.34995,-121.8314,0.2053535515276407,0.8440332795231592,0.342257007701271,0.0716503166521793,0.8909999999999999
43693696046254,Millard McCollam Elementary,Millard McCollam Elementary,San Jose,3311 Lucian Avenue,37.380472,-121.83312,0.2193383195823911,0.0,0.34197537013813833,0.0,0.535
43693696046270,O. S. Hubbard Elementary,O. S. Hubbard Elementary,San Jose,1680 Foley Avenue,37.330237,-121.83946,0.2496681867504781,1.893487447178722,0.40606318198329533,0.1511309967685806,0.85
43693696046304,San Antonio Elementary,San Antonio Elementary,San Jose,1721 East San Antonio Street,37.350025,-121.85234,0.194917554317976,2.361818407651224,0.35789358319760867,0.2066823997019004,0.917
43693696046320,Thomas P. Ryan Elementary,Thomas P. Ryan Elementary,San Jose,1241 McGinness Avenue,37.350062,-121.82257,0.220998422360522,1.1121739130434782,0.3630048563816068,0.1036024844720496,0.838
43693696046338,William Sheppard Middle,William Sheppard Middle,San Jose,480 Rough and Ready Road,37.37451,-121.843,0.1129348462028064,0.0,0.23254898828459922,0.0,0.7140000000000001
43693696089270,Ocala Middle,Ocala Middle,San Jose,2800 Ocala Avenue,37.340385,-121.82046,0.1143903121125172,0.0,0.2340458037865016,0.0,0.7929999999999999
43693776046379,Noble Elementary,Noble Elementary,San Jose,3466 Grossmont Drive,37.396302,-121.8391,0.2684959881764147,3.356024844720497,0.45083509690273654,0.2524223602484472,0.235
43693776046387,Northwood Elementary,Northwood Elementary,San Jose,2760 East Trimble Road,37.40946,-121.88134,0.2774747991445297,3.29355519682106,0.4589836857519649,0.299143176455979,0.133
43693776046395,Piedmont Middle,Piedmont Middle,San Jose,955 Piedmont Road,37.390727,-121.84264,0.3520162761252553,5.884581935644178,0.5806577686148527,0.3374332215182009,0.34
43693776067177,Ruskin Elementary,Ruskin Elementary,San Jose,1401 Turlock Lane,37.400282,-121.85589,0.2096629182135947,1.922599080631134,0.3654271365822496,0.157410858491738,0.155
43693776068928,Morrill Middle,Morrill Middle,San Jose,1970 Morrill Avenue,37.410219,-121.87111,0.2576854069335907,3.510495590609862,0.44240106747800917,0.2666749472115264,0.349
43693776093033,Sierramont Middle,Sierramont Middle,San Jose,3155 Kimlee Drive,37.403132,-121.85593,0.2724704297778473,1.7789369100844508,0.42752310366543944,0.1520119225037257,0.248
43693776093041,Vinci Park Elementary,Vinci Park Elementary,San Jose,1311 Vinci Park Way,37.380943,-121.87333,0.2898196378089589,5.692947603675193,0.5133647960110532,0.3081698534889496,0.312
43693776095335,Brooktree Elementary,Brooktree Elementary,San Jose,1781 Olivetree Drive,37.398513,-121.88005,0.2535496422569472,1.002733598409543,0.3945795039015534,0.1002733598409542,0.406
43693776095343,Majestic Way Elementary,Majestic Way Elementary,San Jose,1855 Majestic Way,37.410648,-121.85723,0.2882913815007691,1.0906832298136646,0.43183623369838137,0.0998757763975155,0.299
43693776095350,Summerdale Elementary,Summerdale Elementary,San Jose,1100 Summerdale Drive,37.389589,-121.85196,0.2581960015867953,1.5996520874751494,0.40972835749955533,0.1512176938369781,0.3829999999999999
43693850133439,Steindorf STEAM K-8 Magnet,Steindorf STEAM K-8 Magnet,San Jose,3001 Ross Avenue,37.266653,-121.92053,0.2486928347060953,0.7857675111773471,0.3858152807867703,0.0673124689518132,0.047
43693856046411,Bagby Elementary,Bagby Elementary,San Jose,1840 Harris Avenue,37.278715,-121.92193,0.3830342711541259,9.03751086821513,0.6673340136243936,0.5508632468016397,0.149
43693936046676,Rosemary,Rosemary,Campbell,401 West Hamilton Avenue,37.294331,-121.95694,0.2660126041931308,1.4658963846440551,0.41544324007197964,0.1341781587774878,0.738
43694014330239,Leigh High,Leigh High,San Jose,5210 Leigh Avenue,37.24331,-121.92258,0.2881105109012494,1.6422451260399848,0.4412327190801477,0.1477710170122935,0.18
43694014330866,Branham High,Branham High,San Jose,1570 Branham Lane,37.254576,-121.89957,0.1691096398454517,2.603527512110296,0.3355517734740001,0.2331387405291267,0.314
43694014331955,Del Mar High,Del Mar High,San Jose,1224 Del Mar Avenue,37.303262,-121.9303,0.1764425033156577,2.9259719289529253,0.34869491204253444,0.226307291019749,0.696
43694014336137,Prospect High,Prospect High,Saratoga,18900 Prospect Road,37.292868,-122.00238,0.3191751437048582,12.894024102372963,0.6686613273003651,0.6593365635482669,0.492
43694014338505,Westmont High,Westmont High,Campbell,4805 Westmont Avenue,37.270126,-121.98595,0.2558138148002194,3.0520238390861683,0.43251109964181095,0.2010181276384405,0.42
43694190108126,Sam H. Lawson Middle,Sam H. Lawson Middle,Cupertino,10401 Vista Drive,37.328413,-122.02677,0.3035537043123232,5.2804423459244525,0.52032243485989,0.3148608349900596,0.152
43694196046718,C. B. Eaton Elementary,C. B. Eaton Elementary,Cupertino,20220 Suisun Drive,37.315251,-122.02619,0.271659075783977,5.674282875946853,0.49436402543342656,0.4630572457469266,0.157
43694196046742,Chester W. Nimitz Elementary,Chester W. Nimitz Elementary,Sunnyvale,545 East Cheyenne Drive,37.346742,-122.03575,0.3547115971310504,4.922627918529558,0.5667172705193113,0.4068554396423248,0.506
43694196046759,L. P. Collins Elementary,L. P. Collins Elementary,Cupertino,10300 Blaney Avenue,37.318574,-122.02308,0.3206600190342197,8.038122438842667,0.5858249622431051,0.6123183906618652,0.171
43694196046767,Cupertino Middle,Cupertino Middle,Sunnyvale,1650 South Bernardo Avenue,37.340131,-122.05942,0.1254454541617558,0.4004721669980119,0.25237257613607134,0.0304423459244532,0.209
43694196046775,D. J. Sedgwick Elementary,D. J. Sedgwick Elementary,Cupertino,19200 Phil Lane,37.316097,-122.00876,0.2342286313473203,1.0424581005586593,0.37539973452781233,0.1013035381750465,0.27
43694196046809,Dwight D. Eisenhower Elementary,Dwight D. Eisenhower Elementary,Santa Clara,277 Rodonovan Drive,37.329181,-121.98939,0.388954894063087,12.973925999503354,0.7418116770830606,0.4968959523218277,0.28
43694196046841,Garden Gate Elementary,Garden Gate Elementary,Cupertino,10500 Ann Arbor Avenue,37.329659,-122.04533,0.2993285490018273,4.007949323065458,0.4938697384463868,0.3235622903987082,0.208
43694196046882,Joaquin Miller Middle,Joaquin Miller Middle,San Jose,6151 Rainbow Drive,37.301254,-122.0121,0.280070578065522,2.734409937888199,0.45193896727169736,0.2011180124223602,0.135
43694196046890,John F. Kennedy Middle,John F. Kennedy Middle,Cupertino,821 Bubb Road,37.313232,-122.05052,0.3164805308525321,8.62572954178567,0.5917354569293231,0.5073885508506147,0.157
43694196046908,John Muir Elementary,John Muir Elementary,San Jose,6560 Hanover Drive,37.300409,-122.01946,0.2690925613320381,3.0321779102994166,0.44582230272496354,0.2236302646291465,0.084
43694196046932,Christa McAuliffe,Christa McAuliffe,Saratoga,12211 Titus Avenue,37.292892,-122.00966,0.3815944233594998,4.274363749224086,0.5831012944111286,0.3458721291123526,0.098
43694196046940,Abraham Lincoln Elementary,Abraham Lincoln Elementary,Cupertino,21710 McClellan Road,37.315469,-122.05336,0.2193015544676291,2.8648615078872184,0.39170988854073513,0.1917774189541671,0.144
43694196046957,Louis E. Stocklmeir Elementary,Louis E. Stocklmeir Elementary,Sunnyvale,592 Dunholme Way,37.344802,-122.02646,0.246578773040099,2.891593195082578,0.4202264690146498,0.2436359120824537,0.213
43694196046965,Manuel De Vargas Elementary,Manuel De Vargas Elementary,San Jose,5050 Moorpark Avenue,37.310596,-121.99102,0.3366305636507201,6.058626257607751,0.5678586882686265,0.4565892435722269,0.449
43694196046981,Montclaire Elementary,Montclaire Elementary,Los Altos,1160 Street Joseph Avenue,37.343291,-122.08241,0.315588215009754,9.733854942871336,0.6100696743423853,0.6100347739692003,0.088
43694196047005,Nelson S. Dilworth Elementary,Nelson S. Dilworth Elementary,San Jose,1101 Strayer Drive,37.306291,-122.00688,0.2805764582351563,6.247361231839065,0.5134910576533797,0.4276667080591083,0.196
43694196047039,Murdock-Portal Elementary,Murdock-Portal Elementary,San Jose,1188 Wunderlich Drive,37.30381,-121.99952,0.2991539436718223,3.929094747299143,0.4923202020821292,0.2625108655159567,0.085
43694196047088,Stevens Creek Elementary,Stevens Creek Elementary,Cupertino,10300 Ainsworth Drive,37.32731,-122.0643,0.3966434127354409,8.606162256180891,0.6738358056938459,0.4877624549633494,0.133
43694196047096,Warren E. Hyde Middle,Warren E. Hyde Middle,Cupertino,19325 Bollinger Road,37.31055,-122.01172,0.245092014096274,6.149031296572281,0.4752901818496548,0.430327868852459,0.263
43694196047104,West Valley Elementary,West Valley Elementary,Sunnyvale,1635 Belleville Way,37.339923,-122.06077,0.2806925759449525,9.222608695652175,0.5653005794349867,0.547329192546584,0.159
43694196047112,William Faria Elementary,William Faria Elementary,Cupertino,10155 Barbara Lane,37.320669,-122.03875,0.2400001503512936,7.381958250497017,0.49147376758410394,0.5155318091451292,0.125
43694196067185,Blue Hills Elementary,Blue Hills Elementary,Saratoga,12300 De Sanka Avenue,37.290073,-122.02589,0.3720679023231086,9.83200795228628,0.6698591915762453,0.6063618290258449,0.163
43694274330015,Yerba Buena High,Yerba Buena High,San Jose,1855 Lucretia Avenue,37.320791,-121.84831,0.2500623610355998,3.658597144630664,0.4371344764602463,0.2753569211669769,0.619
43694274330023,Santa Teresa High,Santa Teresa High,San Jose,6150 Snell Road,37.235085,-121.8305,0.2640143936146492,3.765896671634376,0.4533470398931765,0.2625434674615001,0.2789999999999999
43694274330031,Independence High,Independence High,San Jose,617 North Jackson Avenue,37.370953,-121.85602,0.2195482854765693,4.1446142377935145,0.4141972597995895,0.2891042365511244,0.47
43694274330692,Evergreen Valley High,Evergreen Valley High,San Jose,3300 Quimby Road,37.325201,-121.77866,0.2028671926332033,1.5199403652627657,0.3514428024187583,0.1006336190831159,0.2239999999999999
43694274332995,Andrew P. Hill High,Andrew P. Hill High,San Jose,3200 Senter Road,37.291923,-121.83173,0.1768907823006262,2.4111801242236024,0.34021225285990814,0.1993788819875776,0.6759999999999999
43694274333639,James Lick High,James Lick High,San Jose,57 North White Road,37.368046,-121.83009,0.1812262229418228,0.9988819875776396,0.32013447039967896,0.0959006211180124,0.6579999999999999
43694274334900,Mt. Pleasant High,Mt. Pleasant High,San Jose,1750 South White Road,37.345646,-121.80948,0.2903881893509505,3.491862343148217,0.47570920908676445,0.2527021990309355,0.625
43694274335204,Oak Grove High,Oak Grove High,San Jose,285 Blossom Hill Road,37.251575,-121.81892,0.2701633534948591,4.589119364054155,0.4739728516734985,0.385417960501801,0.562
43694274335428,William C. Overfelt High,William C. Overfelt High,San Jose,1835 Cunningham Avenue,37.330593,-121.82838,0.2132340773287523,0.0385045335983107,0.336366661076091,0.003850453359831,0.627
43694274335907,Piedmont Hills High,Piedmont Hills High,San Jose,1377 Piedmont Road,37.403788,-121.84899,0.292493177112631,6.8191304347826085,0.5356798926352592,0.3924223602484472,0.301
43694274337903,Silver Creek High,Silver Creek High,San Jose,3434 Silver Creek Road,37.304331,-121.80831,0.2943308854233902,4.841222512113307,0.5032068637821254,0.3524661448627159,0.446
43694350102616,Carolyn A. Clark Elementary,Carolyn A. Clark Elementary,San Jose,3701 Rue Mirassou Drive,37.321714,-121.76937,0.2596464891199165,2.9891938889578933,0.4353610911198591,0.1992299093280338,0.183
43694356047120,Cadwallader Elementary,Cadwallader Elementary,San Jose,3799 Cadwallader Avenue,37.306698,-121.78763,0.2964518636725577,3.313991053677934,0.47885492605936425,0.2574552683896621,0.433
43694356047138,Evergreen Elementary,Evergreen Elementary,San Jose,3010 Fowler Road,37.310525,-121.77793,0.2575792949412173,4.576469126599577,0.46081150431221657,0.3955770903217791,0.153
43694356047146,Holly Oak Elementary,Holly Oak Elementary,San Jose,2995 Rossmore Way,37.31875,-121.79765,0.2178505460748926,1.5458271236959764,0.3673015714261744,0.13474913065077,0.537
43694356047153,Katherine R. Smith Elementary,Katherine R. Smith Elementary,San Jose,2025 Clarice Drive,37.326253,-121.82206,0.1348297406790998,0.3169276659209545,0.2605720186052171,0.0316927665920954,0.737
43694356047161,O. B. Whaley Elementary,O. B. Whaley Elementary,San Jose,2655 Alvin Avenue,37.31619,-121.82424,0.2800219772925086,0.4125761153224804,0.41155088414852425,0.041257611532248,0.679
43694356047179,Quimby Oak Middle,Quimby Oak Middle,San Jose,3190 Quimby Road,37.324774,-121.78708,0.2294692764757692,0.9868306621940616,0.3695387303871103,0.0951671015032923,0.305
43694356067193,Cedar Grove Elementary,Cedar Grove Elementary,San Jose,2702 Sugar Plum Drive,37.331164,-121.79361,0.2180174099222607,0.7914803775459515,0.35436762307904573,0.063338301043219,0.483
43694356085690,George V. LeyVa Intermediate,George V. LeyVa Intermediate,San Jose,1865 Monrovia Drive,37.314281,-121.81263,0.1695042559006657,0.8572493477450617,0.3056188461484827,0.0693253820350354,0.617
43694356095988,John J. Montgomery Elementary,John J. Montgomery Elementary,San Jose,2010 Daniel Maloney Drive,37.307734,-121.80108,0.2574625974664198,6.500372670807453,0.4941161990934681,0.4729192546583849,0.589
43694356102081,Norwood Creek Elementary,Norwood Creek Elementary,San Jose,3241 Remington Way,37.328173,-121.78862,0.2842928187552556,5.329607550919027,0.5013685159112192,0.3524590163934426,0.27
43694356105787,Millbrook Elementary,Millbrook Elementary,San Jose,3200 Millbrook Drive,37.319487,-121.78805,0.266904461227424,4.095876800794834,0.4620520841617612,0.3397913561847988,0.308
43694356110159,Chaboya Middle,Chaboya Middle,San Jose,3276 Cortona Drive,37.312333,-121.768,0.3962406372228744,2.9471984097403405,0.575106257310858,0.2247484159522922,0.1639999999999999
43694356111942,Silver Oak Elementary,Silver Oak Elementary,San Jose,5000 Farnsworth Drive,37.284241,-121.77369,0.4327396319770107,12.82238231275618,0.7842075074790497,0.6366910942740033,0.087
43694356115851,Tom Matsumoto Elementary,Tom Matsumoto Elementary,San Jose,4121 Mackin Woods Lane,37.312017,-121.76502,0.2489768309959584,3.772699043597068,0.43800044232191304,0.2952428269780151,0.133
43694356117956,James Franklin Smith Elementary,James Franklin Smith Elementary,San Jose,2220 Woodbury Lane,37.297368,-121.78799,0.2688949865788865,8.486150788721899,0.5403730589598035,0.7214010681902868,0.1009999999999999
43694500127225,College Connection Academy,College Connection Academy,San Jose,1855 Lucretia Avenue,37.320115,-121.84751,0.1999377293178706,4.209787604024344,0.39516185202458853,0.3339957769221214,0.653
43694506047195,Franklin Elementary,Franklin Elementary,San Jose,420 Tully Road,37.305453,-121.85107,0.1264339492105154,1.1955036641411008,0.26720153861600937,0.1037138243696435,0.8079999999999999
43694506047211,Captain Jason M. Dahl Elementary,Captain Jason M. Dahl Elementary,San Jose,3200 Water Street,37.288155,-121.84003,0.2397625616785141,4.442290967822091,0.4401574718778413,0.3554478817244377,0.856
43694506047229,Bridges Academy,Bridges Academy,San Jose,1702 Mclaughlin Avenue,37.325456,-121.84646,0.2493363976489065,4.306631892697467,0.4476464425692135,0.2619225037257824,0.894
43694506047237,G. W. Hellyer Elementary,G. W. Hellyer Elementary,San Jose,725 Hellyer Ave,37.284831,-121.82029,0.226476154569221,0.7549981373401219,0.3624328597049362,0.065565627716379,0.789
43694506047245,Jeanne R. Meadows Elementary,Jeanne R. Meadows Elementary,San Jose,1250 Taper Lane,37.320969,-121.83953,0.2182388280945812,1.7061234629238604,0.3704857737217897,0.1492982238231275,0.8109999999999999
43694506047252,Santee Elementary,Santee Elementary,San Jose,1313 Audubon Drive,37.328062,-121.84671,0.2118390922747535,2.151112215732572,0.37163518101982357,0.1962221946066857,0.899
43694506047260,Lairon College Preparatory Academy,Lairon College Preparatory Academy,San Jose,3975 Mira Loma,37.28238,-121.82885,0.2263661437520767,4.731304347826087,0.43140160282130274,0.4119254658385093,0.818
43694506047278,Sylvandale Middle,Sylvandale Middle,San Jose,653 Sylvandale Avenue,37.287864,-121.82531,0.2263594411176062,4.123711340206186,0.42083876547740745,0.3044342317724506,0.745
43694506067201,Robert F. Kennedy Elementary,Robert F. Kennedy Elementary,San Jose,1602 Lucretia Avenue,37.324997,-121.8524,0.1399183728268709,0.1863817097415507,0.26353719359124606,0.018638170974155,0.903
43694506071542,Stonegate Elementary,Stonegate Elementary,San Jose,2605 Gassmann Drive,37.308515,-121.83635,0.1943067741303227,0.918136645962733,0.33218381878723363,0.0860869565217391,0.76
43694506105795,Windmill Springs Elementary,Windmill Springs Elementary,San Jose,2880 Aetna Way,37.306212,-121.82428,0.2097299559048483,2.471297216699801,0.3750288201024015,0.2158300198807157,0.747
43694506115943,"Shirakawa (George, Sr.) Elementary","Shirakawa (George, Sr.) Elementary",San Jose,665 Wool Creek Drive,37.316085,-121.84974,0.5266413030272502,16.878742700956636,0.9512496034549774,0.5155919990060875,0.8270000000000001
43694684331799,Cupertino High,Cupertino High,Cupertino,10100 Finch Avenue,37.319663,-122.01041,0.2494367792842756,9.730625931445603,0.54198278631614,0.5417287630402385,0.102
43694684332474,Fremont High,Fremont High,Sunnyvale,575 West Fremont Avenue,37.352616,-122.035,0.1272369847967839,0.8247422680412373,0.26158600966242035,0.0634703763507638,0.237
43694684333316,Homestead High,Homestead High,Cupertino,21370 Homestead Road,37.3366,-122.04887,0.0806191480513631,0.1764413518886679,0.20238058814060297,0.0176441351888668,0.159
43694684334421,Lynbrook High,Lynbrook High,San Jose,1280 Johnson Avenue,37.300713,-122.00647,0.300612585765765,4.564456035767512,0.5048586571905712,0.3519622454048683,0.065
43694684334462,Monta Vista High,Monta Vista High,Cupertino,21840 McClellan Road,37.315469,-122.05719,0.2110368364956381,4.259158077735006,0.40743401536275453,0.2410281882528251,0.06
43694840100990,Solorsano Middle,Solorsano Middle,Gilroy,7121 Grenache Way,37.000729,-121.59304,0.2191224244382419,0.0480745341614906,0.3425885585985446,0.0,0.489
43694840114496,Dr. TJ Owens Gilroy Early College Academy,Dr. TJ Owens Gilroy Early College Academy,Gilroy,"5055 Santa Teresa Boulevard, PB17",36.968352,-121.56335,0.3827862045805536,3.579751552795031,0.5722591722429151,0.1273291925465838,0.3979999999999999
43694840118380,Christopher High,Christopher High,Gilroy,850 Day Road,37.038444,-121.60013,0.210724149074502,0.1974664679582712,0.33654713220776916,0.0197466467958271,0.38
43694844332839,Gilroy High,Gilroy High,Gilroy,750 West Tenth Street,36.997203,-121.57599,0.2980499459392217,6.444223602484471,0.534881129609835,0.4073291925465838,0.512
43694846047286,Luigi Aprea Elementary,Luigi Aprea Elementary,Gilroy,9225 Calle del Rey,37.025388,-121.60346,0.3384438886685765,5.201366459627329,0.5548300292637828,0.4115527950310558,0.36
43694846047294,El Roble Elementary,El Roble Elementary,Gilroy,930 Third Street,37.008076,-121.58551,0.3287555048602603,7.842399403874814,0.59075006905314,0.5804769001490314,0.575
43694846047302,Eliot Elementary,Eliot Elementary,Gilroy,475 Old Gilroy Street,37.005988,-121.5617,0.2584262398864667,3.951919493104735,0.4508319726546952,0.2959373835259039,0.78
43694846047310,Glen View Elementary,Glen View Elementary,Gilroy,600 Eighth Street,37.001141,-121.57424,0.2973011455633964,0.6407899639796298,0.43328579722792493,0.0626009191404794,0.74
43694846047328,Las Animas Elementary,Las Animas Elementary,Gilroy,6550 Cimino Street,36.98984,-121.58155,0.1612732779393295,0.0683229813664596,0.28344770954082876,0.0062111801242236,0.413
43694846047336,Rucker Elementary,Rucker Elementary,Gilroy,325 Santa Clara Avenue,37.054209,-121.58602,0.293612567925535,0.0,0.41835973996117154,0.0,0.6409999999999999
43694846098214,South Valley Middle,South Valley Middle,Gilroy,7881 Murray Avenue,37.016304,-121.56703,0.1388230223371302,0.0,0.259172644046853,0.0,0.556
43694846106991,Rod Kelley Elementary,Rod Kelley Elementary,Gilroy,8755 Kern Avenue,37.021191,-121.59161,0.2592175804842792,0.9741647000372624,0.39991212916581276,0.0941497950565147,0.541
43694846111785,Brownell Middle,Brownell Middle,Gilroy,7800 Carmel Street,37.01106,-121.57878,0.4343926890637373,3.91679085941381,0.6311873020550237,0.2784401390958768,0.563
43694926047351,Lakeside Elementary,Lakeside Elementary,Los Gatos,19621 Black Road,37.193221,-122.01823,0.4957504876068123,20.294994410632217,0.9788330236798343,0.6909700658303316,0.109
43695006047369,Loma Prieta Elementary,Loma Prieta Elementary,Los Gatos,23800 Summit Road,37.124979,-121.93844,0.598793106504102,29.96286636860408,1.0,0.8895926477893691,0.135
43695006093058,C. T. English Middle,C. T. English Middle,Los Gatos,23800 Summit Road,37.124979,-121.93844,0.598793106504102,29.96286636860408,1.0,0.8895926477893691,0.11
43695186047377,Almond Elementary,Almond Elementary,Los Altos,550 Almond Avenue,37.384953,-122.10179,0.3485780292922438,9.976643061249844,0.6482147751172744,0.520685799478196,0.1159999999999999
43695186047385,Ardis G. Egan Junior High,Ardis G. Egan Junior High,Los Altos,100 West Portola Avenue,37.396783,-122.11629,0.340986979261317,10.3783850931677,0.6473876814049017,0.5660869565217391,0.1009999999999999
43695186047401,Covington Elementary,Covington Elementary,Los Altos,205 Covington Road,37.370625,-122.10778,0.3131985162732009,6.579078146353584,0.5528029480581925,0.3974406758603554,0.0819999999999999
43695186047435,Georgina P. Blach Junior High,Georgina P. Blach Junior High,Los Altos,1120 Covington Road,37.364574,-122.08286,0.3645824434759652,10.390165155842542,0.6718581491147755,0.5882279895691046,0.044
43695186047450,Loyola Elementary,Loyola Elementary,Los Altos,770 Berry Avenue,37.361368,-122.09337,0.325056445962563,11.44215235491488,0.6494857967948624,0.6899465639368711,0.027
43695186047468,Oak Avenue Elementary,Oak Avenue Elementary,Los Altos,1501 Oak Avenue,37.356799,-122.07143,0.3017911808899028,4.53744876412868,0.505601528448266,0.3255496211650726,0.027
43695186047492,Santa Rita Elementary,Santa Rita Elementary,Los Altos,700 Los Altos Avenue,37.393933,-122.12132,0.3290525450636163,9.18611007578581,0.6144003444229784,0.4584420424897503,0.187
43695186047500,Springer Elementary,Springer Elementary,Mountain View,1120 Rose Avenue,37.371011,-122.09402,0.3049368402048499,7.679627329192546,0.5634268181858936,0.4295652173913043,0.049
43695266047518,Blossom Hill Elementary,Blossom Hill Elementary,Los Gatos,16400 Blossom Hill Road,37.234743,-121.95624,0.294497500089376,12.0756052141527,0.629063892669863,0.7050279329608939,0.07
43695266047526,Daves Avenue Elementary,Daves Avenue Elementary,Los Gatos,17770 Daves Avenue,37.240939,-121.98207,0.4115210706007196,17.165610634861476,0.8378426862577889,0.7968691762951919,0.053
43695266047534,Lexington Elementary,Lexington Elementary,Los Gatos,19700 Old Santa Cruz Highway,37.180458,-121.99249,0.6267053988687659,34.4526145820395,1.0,1.0,0.052
43695266047542,Louise Van Meter Elementary,Louise Van Meter Elementary,Los Gatos,16445 Los Gatos Boulevard,37.230219,-121.96573,0.2594713084728281,8.279592597192897,0.5270930414354655,0.4583281579927959,0.067
43695266047567,Raymond J. Fisher Middle,Raymond J. Fisher Middle,Los Gatos,19195 Fisher Avenue,37.23405,-121.96757,0.1678384643900628,2.4759006211180123,0.33202717360102474,0.2119254658385092,0.0559999999999999
43695344334371,Los Gatos High,Los Gatos High,Los Gatos,20 High School Court,37.221218,-121.97707,0.3821787226724051,11.55570736554466,0.7102037441261171,0.6525897404049186,0.068
43695344337762,Saratoga High,Saratoga High,Saratoga,20300 Herriman Avenue,37.267304,-122.02871,0.2765810901707532,9.252298136645964,0.561588092843189,0.504223602484472,0.034
43695426047575,Luther Burbank Elementary,Luther Burbank Elementary,San Jose,4 Wabash Avenue,37.323556,-121.9267,0.1329474639927035,1.2715865324885078,0.27522191807713786,0.0867188470617468,0.6970000000000001
43695750129940,Latimer,Latimer,San Jose,4250 Latimer Avenue,37.292391,-121.97803,0.2065064902006483,2.656315985591852,0.37492817757186253,0.187926965594336,0.475
43695756047740,Country Lane Elementary,Country Lane Elementary,San Jose,5140 Country Lane,37.298472,-121.99193,0.3129558607399501,10.161490683229813,0.6147920135155601,0.6057142857142858,0.3
43695756047765,Easterbrook Discovery,Easterbrook Discovery,San Jose,4835 Doyle Road,37.303397,-121.98663,0.3026367943800109,7.888364584626848,0.5646879000531273,0.4960884142555571,0.222
43695756047781,Moreland Middle,Moreland Middle,San Jose,4600 Student Lane,37.290191,-121.98411,0.2943844822089756,3.313074819786229,0.47671289248470244,0.199975142928163,0.3829999999999999
43695756047799,George C. Payne Elementary,George C. Payne Elementary,San Jose,3750 Gleason Avenue,37.297438,-121.96742,0.2946811019522095,8.809044601813891,0.5725015113864026,0.6100136662939496,0.314
43695756047807,Gussie M. Baker Elementary,Gussie M. Baker Elementary,San Jose,4845 Bucknall Road,37.283415,-121.98712,0.2866441219733319,3.299913032674867,0.4685239649173589,0.2449993788048205,0.19
43695756047831,Leroy Anderson Elementary,Leroy Anderson Elementary,San Jose,4000 Rhoda Drive,37.30466,-121.9715,0.1854450663998163,1.6022614314115309,0.3349559110802014,0.1226391650099403,0.8540000000000001
43695830102368,Ann Sobrato High,Ann Sobrato High,Morgan Hill,401 Burnett Avenue,37.158768,-121.66775,0.2652279054702744,1.5952857803112004,0.41688417931946825,0.1556000616237867,0.303
43695834333951,Live Oak High,Live Oak High,Morgan Hill,1505 East Main Avenue,37.146484,-121.63401,0.2741038540433178,0.992047713717694,0.41553200816398217,0.0951789264413519,0.42
43695836047914,Nordstrom Elementary,Nordstrom Elementary,Morgan Hill,1425 East Dunne Avenue,37.134513,-121.62614,0.2159092372048523,0.8066119811086254,0.35246244455691444,0.0753169276659209,0.222
43695836047922,P. A. Walsh STEAM Academy,P. A. Walsh STEAM Academy,Morgan Hill,353 West Main Avenue,37.12671,-121.66109,0.2418261340826141,6.389089101528521,0.4761021341205687,0.4604200323101777,0.6940000000000001
43695836095384,Lewis H. Britton Middle,Lewis H. Britton Middle,Morgan Hill,80 West Central Avenue,37.131633,-121.65799,0.2320106113513262,5.266053906347037,0.44649683634848253,0.3679046081232144,0.451
43695836095392,Los Paseos Elementary,Los Paseos Elementary,San Jose,121 Avenida Grande,37.228983,-121.76739,0.4055458114114312,14.426636849298047,0.7841124379974665,0.8996148589886942,0.4039999999999999
43695836098263,Jackson Academy of Music and Math (JAMM),Jackson Academy of Music and Math (JAMM),Morgan Hill,2700 Fountain Oaks Drive,37.138155,-121.6057,0.2806693136399174,3.418902136115252,0.4644466560027622,0.2369597615499255,0.259
43695836098271,Paradise Valley Engineering Academy,Paradise Valley Engineering Academy,Morgan Hill,1400 La Crosse Drive,37.104107,-121.64977,0.3376748449984493,3.956629799925439,0.5324138540092446,0.3229775071455201,0.258
43695836100325,Martin Murphy Middle,Martin Murphy Middle,San Jose,141 Avenida Espana,37.225583,-121.76693,0.3190486736042283,4.391876785492486,0.5208202269049621,0.2838156750714197,0.455
43695836109375,El Toro Health Science Academy,El Toro Health Science Academy,Morgan Hill,455 East Main Avenue,37.125774,-121.66265,0.3360140494593746,6.4616817786610365,0.5742270957739962,0.3917525773195876,0.351
43695836118376,Barrett Elementary,Barrett Elementary,Morgan Hill,895 Barrett Avenue,37.122527,-121.63089,0.1469937641752786,0.0,0.2675755155698371,0.0,0.674
43695910132373,Gabriela Mistral Elementary,Gabriela Mistral Elementary,Mountain View,505 Escuela Avenue,37.394899,-122.09414,0.2466305497005453,4.74636691094274,0.4525034054723152,0.3008321947584151,0.484
43695910138750,Jose Antonio Vargas Elementary,Jose Antonio Vargas Elementary,Mountain View,220 North Whisman Road,37.393904,-122.06109,0.3311747495753033,8.604919865821842,0.6064856020333479,0.6357311467263015,0.2339999999999999
43695916047955,Benjamin Bubb Elementary,Benjamin Bubb Elementary,Mountain View,525 Hans Avenue,37.379144,-122.08176,0.2971109503313409,8.919627329192547,0.5769215871926673,0.6074534161490682,0.173
43695916047963,Edith Landels Elementary,Edith Landels Elementary,Mountain View,115 West Dana Street,37.388743,-122.07055,0.3799742595728789,15.86779324055666,0.7828521596036285,0.7343439363817097,0.211
43695916047971,Amy Imai Elementary,Amy Imai Elementary,Mountain View,253 Martens Avenue,37.375266,-122.07434,0.3092369083767474,9.040129208597342,0.5914855670451673,0.6172195303764444,0.111
43695916047989,Isaac Newton Graham Middle,Isaac Newton Graham Middle,Mountain View,1175 Castro Street,37.381793,-122.086,0.2796609812106817,10.777487886694,0.5912531844813013,0.5931171574108585,0.263
43695916048003,Mariano Castro Elementary,Mariano Castro Elementary,Mountain View,500 Toft Street,37.394025,-122.09204,0.3564492587874456,10.712527964205815,0.6690944333459631,0.7105393984588616,0.8270000000000001
43695916049464,Stevenson Elementary,Stevenson Elementary,Mountain View,750 San Pierre Way,37.403342,-122.08432,0.2866376378378593,5.68550490622283,0.5099630910335021,0.2727611476835176,0.134
43695916049472,Crittenden Middle,Crittenden Middle,Mountain View,1701 Rock Street,37.412214,-122.08588,0.2325627062123074,3.1134020618556697,0.40966577735907417,0.2549993789591355,0.237
43695916049480,Monta Loma Elementary,Monta Loma Elementary,Mountain View,460 Thompson Avenue,37.408196,-122.09807,0.3625583252529532,9.408746428127715,0.6527259653355107,0.6178407255559698,0.295
43695916049514,Theuerkauf Elementary,Theuerkauf Elementary,Mountain View,1625 San Luis Avenue,37.405889,-122.08497,0.3207648443648789,7.15499254843517,0.5705898143531825,0.4566567312468951,0.386
43696094334116,Los Altos High,Los Altos High,Los Altos,201 Almond Avenue,37.384992,-122.10918,0.3236840683463699,10.838757763975156,0.637591426514278,0.628944099378882,0.165
43696094334728,Mountain View High,Mountain View High,Mountain View,3535 Truman Avenue,37.358192,-122.06863,0.36278475671491,8.457210284436718,0.6364274305489671,0.4467767979133027,0.127
43696176048037,August Boeger Middle,August Boeger Middle,San Jose,1944 Flint Avenue,37.347153,-121.80143,0.1932900198855056,0.3905590062111801,0.3219723718041652,0.0383850931677018,0.8190000000000001
43696176048060,Mt. Pleasant Elementary,Mt. Pleasant Elementary,San Jose,14275 Candler Drive,37.354085,-121.81104,0.2601458861528086,1.8817244378183624,0.4166341881937396,0.1579078146353584,0.797
43696176048078,Robert Sanders Elementary,Robert Sanders Elementary,San Jose,3411 Rocky Mountain Drive,37.351574,-121.80177,0.2848673092989784,0.0,0.4093660297045179,0.0,0.7859999999999999
43696176067227,Valle Vista Elementary,Valle Vista Elementary,San Jose,1966 Flint Avenue,37.346613,-121.79994,0.2346079166305559,0.0,0.35767877439996526,0.0,0.657
43696256048086,Anderson (Alex) Elementary,Anderson (Alex) Elementary,San Jose,5800 Calpine Drive,37.24674,-121.81194,0.2443317378025185,5.645970445796598,0.4657684388165544,0.35030423444679,0.5589999999999999
43696256048094,Davis (Caroline) Intermediate,Davis (Caroline) Intermediate,San Jose,5035 Edenview Drive,37.266422,-121.81192,0.2924790690255983,7.371506645137251,0.54526202561913,0.4637933176002982,0.618
43696256048102,Christopher Elementary,Christopher Elementary,San Jose,565 Coyote Road,37.279388,-121.81761,0.2458964387099602,3.611228418829959,0.4320272459576569,0.2961122841882995,0.639
43696256048110,Frost (Earl) Elementary,Frost (Earl) Elementary,San Jose,530 Gettysburg Drive,37.247514,-121.83706,0.2003180434396479,3.022346368715084,0.37492310285132807,0.2808193668528864,0.332
43696256048128,Edenvale Elementary,Edenvale Elementary,San Jose,285 Azucar Avenue,37.26157,-121.80265,0.2531689576075344,1.7963975155279504,0.4079766289832449,0.1690683229813664,0.6809999999999999
43696256048177,Stipe (Samuel) Elementary,Stipe (Samuel) Elementary,San Jose,5000 Lyng Drive,37.271339,-121.80652,0.2312002790523095,1.043229813664596,0.3722987544135266,0.0862111801242236,0.606
43696256067243,Santa Teresa Elementary,Santa Teresa Elementary,San Jose,6200 Encinal Drive,37.234751,-121.7959,0.2668346743214012,4.263321326543287,0.4648893920163318,0.3256738293379704,0.29
43696256068167,Herman (Leonard) Intermediate,Herman (Leonard) Intermediate,San Jose,5955 Blossom Avenue,37.239738,-121.83975,0.2345554659587954,3.6523791775375822,0.4210790054584929,0.2743197912784196,0.311
43696256072144,Sakamoto Elementary,Sakamoto Elementary,San Jose,6280 Shadelands Drive,37.230822,-121.83919,0.3180572345638821,6.188796422804622,0.5510191891440949,0.3490249658427525,0.266
43696256072151,Del Roble Elementary,Del Roble Elementary,San Jose,5345 Avenida Almendros,37.256532,-121.83565,0.3230249926019614,3.8081222056631896,0.5147677223739279,0.3041480377545951,0.419
43696256072177,Bernal Intermediate,Bernal Intermediate,San Jose,6610 San Ignacio Avenue,37.227088,-121.79097,0.3548197538042354,2.64537773359841,0.5272649667848626,0.2083747514910536,0.419
43696256088306,Oak Ridge Elementary,Oak Ridge Elementary,San Jose,5920 Bufkin Drive,37.241059,-121.82115,0.2326983520472483,3.083602484472049,0.4092875574883426,0.2462111801242235,0.345
43696256093066,Parkview Elementary,Parkview Elementary,San Jose,330 Bluefield Drive,37.271595,-121.84578,0.314174822191086,6.095391876785492,0.5454037252698006,0.426034033039374,0.645
43696256095400,Baldwin (Julia) Elementary,Baldwin (Julia) Elementary,San Jose,280 Martinvale Lane,37.224098,-121.78423,0.3326126467692396,8.808198757763975,0.6114959911576466,0.5751552795031055,0.351
43696256097430,Taylor (Bertha) Elementary,Taylor (Bertha) Elementary,San Jose,410 Sautner Drive,37.231017,-121.80809,0.2589287133936888,3.455833022735745,0.44273002253785076,0.2577959995030439,0.241
43696256099451,Hayes Elementary,Hayes Elementary,San Jose,5035 Poston Drive,37.261806,-121.82651,0.2555202679510919,5.95081356353248,0.48257098897881745,0.3913799528008941,0.564
43696256116081,Ledesma (Rita) Elementary,Ledesma (Rita) Elementary,San Jose,1001 Schoolhouse Road,37.242642,-121.76267,0.2442901667397152,6.1423956262425445,0.47435027009365593,0.445203777335984,0.35
43696336048185,Orchard Elementary,Orchard Elementary,San Jose,921 Fox Lane,37.388461,-121.9002,0.1770976016360306,0.604671387750031,0.30903978490988265,0.0598832153062492,0.501
43696414332904,Henry M. Gunn High,Henry M. Gunn High,Palo Alto,780 Arastradero Road,37.399966,-122.13179,0.4575304762150954,9.890918126475336,0.7587732146333123,0.4767051807677973,0.1169999999999999
43696414335782,Palo Alto High,Palo Alto High,Palo Alto,50 Embarcadero Road,37.437857,-122.15779,0.2238498822630594,4.415900621118014,0.4233342258393482,0.3193788819875777,0.133
43696416048193,Addison Elementary,Addison Elementary,Palo Alto,650 Addison Avenue,37.446187,-122.15111,0.3811531513171214,10.796919637312133,0.6959663287815281,0.5530989939137994,0.172
43696416048201,Herbert Hoover Elementary,Herbert Hoover Elementary,Palo Alto,445 East Charleston Road,37.418279,-122.11344,0.2396454498617687,7.428322981366459,0.4919145021952547,0.4939130434782608,0.067
43696416048235,El Carmelo Elementary,El Carmelo Elementary,Palo Alto,3024 Bryant Street,37.425802,-122.13034,0.3106033074762683,5.171741021498696,0.5256838068782301,0.434447620231142,0.184
43696416048243,Ohlone Elementary,Ohlone Elementary,Palo Alto,950 Amarillo Avenue,37.439596,-122.12383,0.2943633238392236,6.212076034289975,0.5270565831185824,0.4399304261398932,0.084
43696416048268,Fairmeadow Elementary,Fairmeadow Elementary,Palo Alto,500 East Meadow Drive,37.422224,-122.11843,0.3215032417843428,7.673373075012418,0.580355211487332,0.4590163934426229,0.122
43696416048292,Duveneck Elementary,Duveneck Elementary,Palo Alto,705 Alester Avenue,37.449945,-122.13482,0.3622832045538403,10.559185194385792,0.6724300385017871,0.5545894919885729,0.136
43696416048300,Greendell,Greendell,Palo Alto,4120 Middlefield Road,37.417325,-122.10565,0.3153952778410926,10.653750620963738,0.625852953154147,0.644187779433681,0.077
43696416048326,Juana Briones Elementary,Juana Briones Elementary,Palo Alto,4100 Orme Street,37.408634,-122.1319,0.5013199708127384,17.111677018633543,0.929255752020007,0.9298136645962736,0.108
43696416048359,Palo Verde Elementary,Palo Verde Elementary,Palo Alto,3450 Louis Road,37.431406,-122.11369,0.32510534909872,5.6076751117734736,0.5481714982311198,0.3500993541977149,0.126
43696416048375,Packard Children's Hospital/Stanford,Packard Children's Hospital/Stanford,Palo Alto,725 Welch Road,37.437362,-122.17484,0.2505930150153063,5.497950565147188,0.4696359924250904,0.3575953297726991,0.2
43696416048409,Walter Hays Elementary,Walter Hays Elementary,Palo Alto,1525 Middlefield Road,37.4424,-122.14356,0.4213452669469922,16.910332836562347,0.843510948480977,0.8519622454048683,0.17
43696416060065,Frank S. Greene Jr. Middle,Frank S. Greene Jr. Middle,Palo Alto,750 North California Avenue,37.439277,-122.13483,0.3770471746834741,15.366492796820664,0.7711326334526353,0.7309985096870343,0.1689999999999999
43696416060081,Jane Lathrop Stanford Middle,Jane Lathrop Stanford Middle,Palo Alto,480 East Meadow Drive,37.422025,-122.11881,0.3049867893141219,6.8788669399925455,0.5495662717044311,0.4087464281277177,0.107
43696416115562,Barron Park Elementary,Barron Park Elementary,Palo Alto,800 Barron Avenue,37.412612,-122.13642,0.3875432154245825,10.673002857497826,0.7003850804364516,0.6913902348117779,0.299
43696416118707,Ellen Fletcher Middle,Ellen Fletcher Middle,Palo Alto,655 Arastradero Road,37.404638,-122.12726,0.3354307941996841,13.279895691046816,0.6920826924487886,0.855705948093878,0.136
43696664330080,Gunderson High,Gunderson High,San Jose,620 Gaundabert Lane,37.258238,-121.85269,0.3357016922013666,3.902036255276882,0.5294361698005389,0.3496399304693321,0.546
43696664333522,Leland High,Leland High,San Jose,6677 Camden Avenue,37.220338,-121.84737,0.479704419935784,14.660911687989072,0.8644480285184338,0.6568128182834431,0.113
43696664333795,Abraham Lincoln High,Abraham Lincoln High,San Jose,555 Dana Avenue,37.329212,-121.92388,0.3309563756616397,8.546663352802286,0.6052489115999479,0.5187026220951907,0.562
43696664335949,Pioneer High,Pioneer High,San Jose,1290 Blossom Hill Road,37.247184,-121.88445,0.316849621973009,9.825925006208095,0.6129664859184314,0.6506083933449217,0.308
43696664337200,San Jose High,San Jose High,San Jose,275 North 24th Street,37.350457,-121.87122,0.205417265307671,1.7710843373493976,0.3584285420130369,0.1374984473978387,0.6990000000000001
43696664338950,Willow Glen High,Willow Glen High,San Jose,2001 Cottle Avenue,37.291588,-121.8964,0.3373093704022643,8.991673915744997,0.6195137317469283,0.5019261836709333,0.3879999999999999
43696666048417,Allen at Steinbeck,Allen at Steinbeck,San Jose,820 Steinbeck Drive,37.247281,-121.85641,0.3318264501423869,11.465855475540105,0.6568599392146433,0.6568164887012664,0.69
43696666048425,Almaden Elementary,Almaden Elementary,San Jose,1295 Dentwood Drive,37.250931,-121.88411,0.2258967668560889,3.3483173972432643,0.40689173297676556,0.2493480690425928,0.718
43696666048433,Anne Darling Elementary,Anne Darling Elementary,San Jose,333 North 33rd Street,37.356596,-121.86446,0.2149861002463559,3.6761490683229816,0.40136664002702566,0.2819875776397516,0.731
43696666048474,Booksin Elementary,Booksin Elementary,San Jose,1590 Dry Creek Road,37.288713,-121.90714,0.3437522229478727,7.749254843517139,0.604554606045015,0.5002483854942873,0.119
43696666048490,Canoas Elementary,Canoas Elementary,San Jose,880 Wren Drive,37.284721,-121.87654,0.3379534340477648,8.846153846153847,0.6176479176684025,0.6448365850627564,0.716
43696666048516,Empire Gardens Elementary,Empire Gardens Elementary,San Jose,1060 East Empire Street,37.354642,-121.87616,0.3110616347277216,5.85373727340452,0.5380037352804082,0.3856468835361311,0.706
43696666048532,Gardner Elementary,Gardner Elementary,San Jose,502 Illinois Avenue,37.321387,-121.89641,0.2417755815544809,6.167432617066202,0.4721992230380084,0.4220593715066451,0.701
43696666048540,Grant Elementary,Grant Elementary,San Jose,470 East Jackson Street,37.351639,-121.88858,0.2470193967154736,6.7086594608025845,0.48699495398293485,0.5318673127096534,0.6970000000000001
43696666048565,Hammer Montessori at Galarza Elementary,Hammer Montessori at Galarza Elementary,San Jose,1610 Bird Avenue,37.303525,-121.88686,0.4270209152037074,9.6630650769995,0.7234383034232276,0.6048186785891702,0.201
43696666048599,Horace Mann Elementary,Horace Mann Elementary,San Jose,55 North Seventh Street,37.33998,-121.88486,0.2450916808699663,4.333788989685598,0.44375294452257474,0.339008326084255,0.7440000000000001
43696666048649,Lowell Elementary,Lowell Elementary,San Jose,625 South Seventh Street,37.329688,-121.87718,0.2097532344716793,5.176105315449577,0.42204441930079434,0.3139592647789369,0.851
43696666048656,Merritt Trace Elementary,Merritt Trace Elementary,San Jose,651 Dana Avenue,37.330909,-121.9258,0.4744065827359893,5.41878961103517,0.6984327803782242,0.3878464023859823,0.5429999999999999
43696666048664,Reed Elementary,Reed Elementary,San Jose,1524 Jacob Avenue,37.264637,-121.89461,0.3380700548998562,12.39410887397465,0.6794078231019473,0.7552821277653495,0.242
43696666048672,River Glen,River Glen,San Jose,1088 Broadway,37.312129,-121.89924,0.4278696512278976,15.035545612726825,0.8176492985372142,0.8322147651006713,0.469
43696666048680,Schallenberger Elementary,Schallenberger Elementary,San Jose,1280 Koch Lane,37.280808,-121.88786,0.2924746374086509,10.842771982116243,0.6055650803477549,0.6723795330352709,0.255
43696666048698,Selma Olinder Elementary,Selma Olinder Elementary,San Jose,890 East William,37.33834,-121.86659,0.3247360805217021,11.502049944092432,0.6501969534005198,0.6738725307491614,0.8029999999999999
43696666048706,Simonds Elementary,Simonds Elementary,San Jose,6515 Grapevine Way,37.220493,-121.8684,0.2333272608083245,5.38948937756243,0.4499953830042949,0.3488632128214685,0.092
43696666048714,Terrell Elementary,Terrell Elementary,San Jose,3925 Pearl Avenue,37.270841,-121.86841,0.2682654641981441,6.518136645962732,0.5055345941199418,0.4628571428571427,0.541
43696666048722,Hacienda Science/Environmental Magnet,Hacienda Science/Environmental Magnet,San Jose,1290 Kimberly Drive,37.26967,-121.8839,0.2770003591050691,4.919368865697601,0.48674164583165785,0.337557460554106,0.223
43696666048730,Walter L. Bachrodt Elementary,Walter L. Bachrodt Elementary,San Jose,102 Sonora Avenue,37.363361,-121.91285,0.2573332714441836,3.8708235001863134,0.4482990416125167,0.2695317351881754,0.613
43696666048748,Washington Elementary,Washington Elementary,San Jose,100 Oak Street,37.321793,-121.88158,0.2453074476628505,3.524288731519444,0.4299110855171042,0.3402907193440178,0.83
43696666048755,Williams Elementary,Williams Elementary,San Jose,1150 Rajkovich Way,37.208223,-121.85092,0.2251587094058457,3.257238722505282,0.4045503629745171,0.2663104262458059,0.0819999999999999
43696666048763,Willow Glen Elementary,Willow Glen Elementary,San Jose,1425 Lincoln Avenue,37.30321,-121.89687,0.2544279998236016,6.617391304347826,0.49302839814005556,0.4214906832298136,0.359
43696666060099,Bret Harte Middle,Bret Harte Middle,San Jose,7050 Bret Harte Drive,37.209431,-121.83816,0.3076135623293242,8.005214800099331,0.5718361405276943,0.517630990812019,0.119
43696666060107,Willow Glen Middle,Willow Glen Middle,San Jose,2105 Cottle Avenue,37.291174,-121.89613,0.3224704639942957,8.447701863354036,0.5948026207401299,0.4496894409937889,0.367
43696666060115,John Muir Middle,John Muir Middle,San Jose,1260 Branham Lane,37.261393,-121.88237,0.2746269965145546,7.175052801590258,0.5234897108084465,0.4408000993912286,0.542
43696666062103,Muwekma Ohlone Middle,Muwekma Ohlone Middle,San Jose,850 North Second Street,37.35284,-121.90149,0.265098015326451,8.235279503105591,0.5321097340511233,0.4741614906832297,0.687
43696666062111,Herbert Hoover Middle,Herbert Hoover Middle,San Jose,1635 Park Avenue,37.332437,-121.92231,0.3605789919819304,10.777860603801711,0.6744765404920807,0.6739967697850665,0.63
43696666093074,Los Alamitos Elementary,Los Alamitos Elementary,San Jose,6130 Silberman Avenue,37.22786,-121.88099,0.2823044985445434,4.407826086956522,0.48330924801435815,0.3341614906832299,0.121
43696666093082,Graystone Elementary,Graystone Elementary,San Jose,6982 Shearwater Drive,37.210665,-121.83774,0.2721899632398832,6.601291764998137,0.5110152731486757,0.3687740653334989,0.088
43696666093090,Rachel Carson Elementary,Rachel Carson Elementary,San Jose,4245 Meg Drive,37.270482,-121.85548,0.3084655704133884,4.357222705254006,0.5093344006561081,0.321450751459446,0.472
43696666095418,Castillero Middle,Castillero Middle,San Jose,6384 Leyland Park Drive,37.221497,-121.88191,0.2614135284568423,8.069423745653253,0.5254390962797013,0.5743914555389965,0.32
43696666119010,Ernesto Galarza Elementary,Ernesto Galarza Elementary,San Jose,1610 Bird Avenue,37.303525,-121.88686,0.4270209152037074,9.6630650769995,0.7234383034232276,0.6048186785891702,0.773
43696740110700,Don Callejon,Don Callejon,Santa Clara,4176 Lick Mill Boulevard,37.397889,-121.94479,0.342329671467173,14.21733730750124,0.7154640954550621,0.8766766020864382,0.213
43696740133363,Central Park Elementary,Central Park Elementary,Santa Clara,2720 Sonoma Place,37.345453,-121.97645,0.1877595192012179,1.680784995652714,0.3387003369077954,0.087318345547137,0.198
43696740140475,Abram Agnew Elementary,Abram Agnew Elementary,San Jose,3534 Zanker Road,37.40643,-121.93425,0.1308054510216702,0.0,0.25092729460065866,0.0,0.25
43696740140483,Dolores Huerta Middle,Dolores Huerta Middle,San Jose,3556 Zanker Road,37.406908,-121.93501,0.2126952840854312,0.5203676105315449,0.3441841511970199,0.0520367610531544,0.37
43696740141283,Kathleen MacDonald High,Kathleen MacDonald High,San Jose,3588 Zanker Road,37.408099,-121.93356,0.0979174917102487,0.0,0.21710499275571005,0.0,0.318
43696744330122,Santa Clara High,Santa Clara High,Santa Clara,3000 Benton Street,37.346501,-121.98306,0.1478343422700193,1.524472049689441,0.29492520679978235,0.1130434782608695,0.236
43696744338802,Adrian Wilcox High,Adrian Wilcox High,Santa Clara,3250 Monroe Street,37.366875,-121.98578,0.1985744770521638,2.5830537955025465,0.3654980051108345,0.2179152689775127,0.26
43696746048797,Bowers Elementary,Bowers Elementary,Santa Clara,2755 Barkley Avenue,37.357247,-121.97624,0.3402056061745163,9.84136645962733,0.6372542807531848,0.5929192546583851,0.596
43696746048805,Bracher Elementary,Bracher Elementary,Santa Clara,2700 Chromite Drive,37.367565,-121.97521,0.3079911798498856,3.839090457256461,0.4998448242155972,0.3368538767395626,0.335
43696746048813,Braly Elementary,Braly Elementary,Sunnyvale,675 Gail Avenue,37.36352,-122.01792,0.3661551817376994,7.445148465647909,0.6223106741992247,0.4933532115790783,0.315
43696746048821,Briarwood Elementary,Briarwood Elementary,Santa Clara,1930 Townsend Avenue,37.35835,-121.98695,0.2663842983822289,6.004844720496895,0.4946823688932178,0.4409937888198758,0.3989999999999999
43696746048847,C. W. Haman Elementary,C. W. Haman Elementary,Santa Clara,865 Los Padres Boulevard,37.34346,-121.96471,0.2325754033956965,4.795801763756055,0.4389078048271151,0.3009564029313128,0.284
43696746048854,Juan Cabrillo Middle,Juan Cabrillo Middle,Santa Clara,2550 Cabrillo Avenue,37.359318,-121.97077,0.2605568848317952,4.097142857142857,0.4555461696463337,0.308695652173913,0.261
43696746048896,Kathryn Hughes Elementary,Kathryn Hughes Elementary,Santa Clara,4949 Calle de Escuela,37.406367,-121.9634,0.2841140542058282,1.9580019880715709,0.44260848757769966,0.1669980119284294,0.413
43696746048904,Laurelwood Elementary,Laurelwood Elementary,Santa Clara,955 Teal Drive,37.342896,-122.00238,0.2358748490523361,6.661987577639752,0.4747229428406907,0.424223602484472,0.1119999999999999
43696746048920,Millikin Elementary,Millikin Elementary,Santa Clara,615 Hobart Terrace,37.3326,-121.97617,0.4741104796824461,4.88198757763975,0.6888021992932819,0.2980124223602485,0.042
43696746048938,Montague Elementary,Montague Elementary,Santa Clara,750 Laurie Avenue,37.389464,-121.94707,0.2016905291451887,2.0883010432190763,0.36010705618979744,0.1671634376552409,0.39
43696746048987,Pomeroy Elementary,Pomeroy Elementary,Santa Clara,1250 Pomeroy Avenue,37.348416,-121.98687,0.2643306863652383,3.758415103713825,0.45354233835509894,0.3301453235622905,0.433
43696746048995,Ponderosa Elementary,Ponderosa Elementary,Sunnyvale,804 Ponderosa Avenue,37.362341,-122.00957,0.2804142074921095,4.599130434782609,0.48468885720165117,0.3694409937888199,0.284
43696746049019,Scott Lane Elementary,Scott Lane Elementary,Santa Clara,1925 Scott Boulevard,37.356626,-121.95953,0.2572252699468441,4.166790859413812,0.4533299252463337,0.3406607054148038,0.552
43696746049027,Sutter Elementary,Sutter Elementary,Santa Clara,3200 Forbes Avenue,37.334641,-121.98728,0.285749539088621,6.889551497080384,0.5299681206400341,0.4617964964591876,0.146
43696746049035,Washington Open Elementary,Washington Open Elementary,Santa Clara,270 Washington Avenue,37.341942,-121.94032,0.2138644518933067,5.400347912524851,0.4301682877418738,0.4668240556660041,0.0819999999999999
43696746049043,Westwood Elementary,Westwood Elementary,Santa Clara,435 Saratoga Avenue,37.33413,-121.96064,0.3667191302617636,15.777984842837622,0.7676601784054835,0.7205864082494722,0.375
43696746101752,Buchser Middle,Buchser Middle,Santa Clara,1111 Bellomy Street,37.344283,-121.94447,0.1988146345187917,1.5560109289617488,0.3479017792841386,0.1526328862394436,0.322
43696746101760,Marian A. Peterson Middle,Marian A. Peterson Middle,Sunnyvale,1380 Rosalia Avenue,37.350303,-122.00894,0.273171873449915,4.200273325878991,0.4703112732438128,0.2753137035656603,0.22
43696826049068,Argonaut Elementary,Argonaut Elementary,Saratoga,13200 Shadow Mountain Road,37.276461,-122.02601,0.2725497750871348,2.7756521739130435,0.4449210163287724,0.1990062111801241,0.025
43696826049084,Foothill Elementary,Foothill Elementary,Saratoga,13919 Lynde Avenue,37.265272,-122.03334,0.3342341827485799,12.81488383650143,0.6827732577100165,0.7682941980370233,0.09
43696826049092,Redwood Middle,Redwood Middle,Saratoga,13925 Fruitvale Avenue,37.267516,-122.01397,0.360936973559816,11.323226046974025,0.6843195334352833,0.5082639492978749,0.025
43696826049100,Saratoga Elementary,Saratoga Elementary,Saratoga,14592 Oak Street,37.256034,-122.03355,0.3493412992259927,12.911089035142188,0.6999809748366731,0.5486154228237925,0.03
43696906049142,Bishop Elementary,Bishop Elementary,Sunnyvale,450 North Sunnyvale Avenue,37.386797,-122.02541,0.286542183292083,6.041118012422361,0.5160431263116555,0.4188819875776398,0.428
43696906049159,Vargas Elementary,Vargas Elementary,Sunnyvale,1054 Carson Drive,37.381565,-122.04785,0.3122195961449701,6.360993788819877,0.5480073544949716,0.4867080745341616,0.292
43696906049167,Cherry Chase Elementary,Cherry Chase Elementary,Sunnyvale,1138 Heatherstone Way,37.366463,-122.05657,0.2888802300092523,2.6518012422360253,0.45956370797908463,0.2023602484472049,0.072
43696906049175,Cumberland Elementary,Cumberland Elementary,Sunnyvale,824 Cumberland Avenue,37.367392,-122.04312,0.2349179243141514,3.884209218536464,0.42547943263621835,0.2185364641570381,0.0969999999999999
43696906049191,Ellis Elementary,Ellis Elementary,Sunnyvale,550 East Olive Avenue,37.369847,-122.02372,0.2411741530225012,3.700235936917918,0.4287171622108126,0.2806407549981373,0.246
43696906049217,Fairwood Elementary,Fairwood Elementary,Sunnyvale,1110 Fairwood Avenue,37.396122,-121.99124,0.250479670416701,3.868430860976519,0.4412091624642757,0.3310970306870418,0.231
43696906049233,Lakewood Elementary,Lakewood Elementary,Sunnyvale,750 Lakechime Drive,37.398337,-122.00335,0.2314000290250708,1.8749689595232184,0.38695429961013433,0.1733300223491432,0.336
43696906049241,Columbia Middle,Columbia Middle,Sunnyvale,739 Morse Avenue,37.392517,-122.01908,0.3336648765646707,10.071535022354691,0.6345265358235896,0.6589667163437655,0.303
43696906049258,Sunnyvale Middle,Sunnyvale Middle,Sunnyvale,1080 Mango Avenue,37.360221,-122.05401,0.4080088864032521,9.344429263445535,0.6983503643092842,0.4937274872686623,0.168
43696906049282,San Miguel Elementary,San Miguel Elementary,Sunnyvale,777 San Miguel Avenue,37.391949,-122.00801,0.2042764518978778,1.1508074534161492,0.3464790121533234,0.1130434782608695,0.311
43697086049290,Alta Vista Elementary,Alta Vista Elementary,Los Gatos,200 Blossom Valley Road,37.240759,-121.94236,0.3360419846634627,4.12447204968944,0.533650591537914,0.3101863354037267,0.068
43697086049316,Carlton Elementary,Carlton Elementary,San Jose,2421 Carlton Avenue,37.247604,-121.9459,0.2209541374901294,0.8222360248447204,0.357922112236873,0.041863354037267,0.053
43697086049332,Dartmouth Middle,Dartmouth Middle,San Jose,5575 Dartmouth Drive,37.239598,-121.89671,0.2219760824059979,5.061475409836064,0.4326230077881777,0.310481867858917,0.174
43697086049357,Guadalupe Elementary,Guadalupe Elementary,San Jose,6044 Vera Cruz Drive,37.228769,-121.89693,0.3300385549456386,0.046335403726708,0.4566255869923146,0.0045962732919254,0.0819999999999999
43697086049373,Lietz Elementary,Lietz Elementary,San Jose,5300 Carter Avenue,37.243765,-121.90302,0.2222530393568007,3.2745901639344264,0.40186359641511366,0.2604321907600596,0.2319999999999999
43697086049407,Noddin Elementary,Noddin Elementary,San Jose,1755 Gilda Way,37.237773,-121.91388,0.2581781750235953,6.90111801242236,0.5018144072705394,0.5298136645962733,0.152
43697086049415,Oster Elementary,Oster Elementary,San Jose,1855 Lencar Way,37.255483,-121.91957,0.2180323329577868,2.462044974530998,0.3834063238587593,0.1867312709653373,0.128
43697086049449,Union Middle,Union Middle,San Jose,2130 Los Gatos-Almaden Road,37.242736,-121.9344,0.1766902160071153,1.2657394759716876,0.32010581270112964,0.1207003601142431,0.078
43733870137505,Mabel Mattos Elementary,Mabel Mattos Elementary,Milpitas,1750 McCandless Drive,37.405981,-121.89845,0.141130186375064,0.648447204968944,0.27281107409621136,0.0395031055900621,0.151
43733870140673,Milpitas Middle College High,Milpitas Middle College High,Milpitas,1450 Escuela Parkway,37.453595,-121.90101,0.2335858937378152,0.4108517506828904,0.36376559961683946,0.037248572138068,0.418
43733874334470,Milpitas High,Milpitas High,Milpitas,1285 Escuela Parkway,37.450802,-121.89981,0.2857691951274829,0.5619721808246398,0.4200568943115172,0.0495529061102831,0.44
43733876047583,Alexander Rose Elementary,Alexander Rose Elementary,Milpitas,250 Roswell Drive,37.432219,-121.87707,0.2271154240077595,1.7428855474089726,0.3802532342081428,0.1267553125388343,0.562
43733876047591,Anthony Spangler Elementary,Anthony Spangler Elementary,Milpitas,140 North Abbott,37.430325,-121.91456,0.3630674235947876,5.892710791009563,0.5921641034029986,0.3992301005836335,0.352
43733876047609,Curtner Elementary,Curtner Elementary,Milpitas,275 Redwood,37.440082,-121.91265,0.2030844944069001,0.5531121878494223,0.33486920425584127,0.0413715989563921,0.235
43733876047625,John Sinnott Elementary,John Sinnott Elementary,Milpitas,2025 Yellowstone Avenue,37.424319,-121.86953,0.2969884481360932,3.769030175090028,0.48731232244825873,0.3068421706196448,0.226
43733876047633,Joseph Weller Elementary,Joseph Weller Elementary,Milpitas,345 Boulder Drive,37.457484,-121.90541,0.1637076780189619,0.0,0.2847642694745283,0.0,0.437
43733876047641,Marshall Pomeroy Elementary,Marshall Pomeroy Elementary,Milpitas,1505 Escuela Parkway,37.453954,-121.90214,0.2421854176661273,2.3077878524406903,0.40556562685871417,0.2181095516084958,0.276
43733876047666,Rancho Milpitas Middle,Rancho Milpitas Middle,Milpitas,1915 Yellowstone Avenue,37.42487,-121.87002,0.3555607571729103,4.014786282306163,0.5518182772365187,0.3538767395626243,0.437
43733876047674,Robert Randall World Languages,Robert Randall World Languages,Milpitas,1300 Edsel Drive,37.430346,-121.88074,0.206650199828344,0.6400347912524851,0.3400463503234963,0.0579025844930417,0.593
43733876047682,Thomas Russell Middle,Thomas Russell Middle,Milpitas,1500 Escuela Parkway,37.453899,-121.90174,0.2499641709788283,1.931197218082464,0.40702272126875677,0.1804520615996026,0.3879999999999999
43733876047690,William Burnett Elementary,William Burnett Elementary,Milpitas,400 Fanyon,37.441689,-121.88227,0.2654097633499184,4.630853310147807,0.4698092723771395,0.2515215501179977,0.461
43733876067219,Pearl Zanker Elementary,Pearl Zanker Elementary,Milpitas,1585 Fallen Leaf Drive,37.407667,-121.90486,0.3283004817973479,5.876382159274444,0.5561257539042351,0.4020375201888432,0.359
